job,company,id
Television/film/video producer,Smith Inc,75
Camera operator,Sparks-Allen,44
Museum education officer,"Bolton, Summers and Perez",2
"Engineer, control and instrumentation","Davis, Salazar and Brown",19
Copy,"Miller, Spencer and Black",31
Chartered legal executive (England and Wales),"Sullivan, Cunningham and Doyle",12
Applications developer,"Bradley, Jensen and Mills",50
TEFL teacher,Rowe-Gonzalez,49
Corporate treasurer,Lawson-Dudley,40
"Surveyor, land/geomatics",Sanchez-Welch,1
"Surveyor, minerals",Ryan-Shields,20
Materials engineer,"Woods, Brown and Jordan",71
Insurance risk surveyor,"Welch, Jackson and Lozano",0
Osteopath,Singh-Brown,74
"Therapist, drama",Flores Ltd,34
Mental health nurse,Simpson-Crawford,63
Operational researcher,Garrett and Sons,57
Rural practice surveyor,Lopez-Perez,83
Advertising account planner,"Howard, Patel and Holt",99
Media planner,Rodriguez LLC,56
Government social research officer,"Cobb, Ford and Mcmahon",58
Best boy,Jones Ltd,16
,Berger Inc,7
Records manager,"Washington, Taylor and Compton",21
Museum/gallery conservator,Martinez-Williams,32
Multimedia specialist,Nichols and Sons,90
Fast food restaurant manager,Larson Ltd,17
Sports therapist,Mills-King,80
"Engineer, mining",Osborne-Lambert,86
,,42
General practice doctor,Lee-Edwards,78
Print production planner,"Wright, Kelly and Riggs",26
Travel agency manager,"Wu, Green and Davis",33
Dentist,Woodward LLC,91
Sports development officer,Brown Ltd,52
"Engineer, electronics",Burns-Tate,70
Fitness centre manager,Lowe-Guzman,36
Furniture conservator/restorer,"Lucas, Hicks and Huber",6
"Therapist, drama",Miller Ltd,39
Tree surgeon,Perez-Bowman,95
"Presenter, broadcasting",Rivera-Powell,62
Chartered certified accountant,"Brown, Bell and Davis",47
Archivist,Garcia PLC,27
Contracting civil engineer,Valencia-Obrien,67
"Administrator, sports","Randolph, Gray and Roberts",76
Diagnostic radiographer,Cole-Rodriguez,5
Music therapist,"Moore, Garcia and Gibson",9
Petroleum engineer,Rowland Inc,88
Plant breeder/geneticist,"Lynn, Holland and Hines",10
Ergonomist,Holder-Olson,55
Minerals surveyor,"Anthony, Gonzalez and Liu",72
Horticultural consultant,Parker and Sons,85
Field seismologist,Ross Ltd,59
Research scientist (physical sciences),Washington LLC,35
Clinical molecular geneticist,Hodge-Brown,45
Energy manager,Howard and Sons,51
"Surveyor, rural practice",Torres Ltd,4
Electrical engineer,"Smith, Escobar and Thompson",94
Public affairs consultant,"Johnson, Coleman and Davis",29
Restaurant manager,Farrell-Johnson,43
"Scientist, research (medical)",Bright PLC,81
Emergency planning/management officer,Shaw LLC,13
"Designer, fashion/clothing",Warner Group,14

Theatre manager,Singleton-West,82
"Social research officer, government",Waters-Stein,37
"Social research officer, government","Davis, Li and Callahan",68
"Engineer, mining",Thompson Inc,25
"Education officer, environmental",Chen-Welch,84
Research scientist (life sciences),Bell-Bell,54
Soil scientist,Wright-Solomon,8
Immigration officer,Sutton and Sons,48
"Designer, multimedia","Wright, Chung and Jones",30
Higher education lecturer,Thompson and Sons,24
Magazine features editor,Rodriguez-Jones,38
Counsellor,,11
Systems developer,Parker-Chambers,61
"Lecturer, further education","Brooks, Morris and Pena",69
Hotel manager,"Fisher, Anderson and Reynolds",97
Agricultural engineer,Mitchell-Johnson,65
Games developer,Hughes and Sons,96
Exercise physiologist,Arias Group,23
"Civil engineer, contracting",Garcia-Harris,53
Chartered loss adjuster,Nguyen Ltd,77
Recruitment consultant,"Moore, Freeman and Perez",46
Retail merchandiser,Thompson-Garcia,92
Translator,"Morales, Sandoval and Chavez",60
Psychiatrist,Travis-Combs,3
Diagnostic radiographer,Davenport-Blackburn,79
Insurance risk surveyor,Hamilton Inc,15
Technical author,Yoder-Patterson,64
Accounting technician,Brown Ltd,28
Secondary school teacher,Rivers-Andrade,66
,,98
Health promotion specialist,Welch-Rivas,87
Retail manager,Allen and Sons,41
Sport and exercise psychologist,Brooks-Lewis,18
"Psychologist, sport and exercise","Green, Watson and Lozano",89
Animator,Thomas-Bryan,73
