Student Name, Major , Student Number
Lily,Math,V00000056
Bob,Computer Science   ,V00987457
Joyce,Software Engineering ,V00654821
Amy,Physics,V08543822
Lin,Anthropology,V05251413
Fiona,Computer Science,V00314159
Leo,Math,V00987632
Jason,Computer Science   ,V07813264
Liu,Software Engineering ,V09632588
Zhang zhang,Anthropology,V95632147
Nicole,Economics,V09517534
Sharon,Computer Science,V05623147
Ackerley,Psychology,V09587362
Addison,Computer Science   ,V08463524
Alma,Anthropology,V09625159
Andrea,Physics,V10201859
Jacey,Economics,V00314759
Jade,Anthropology,V00963159
