commission_id,street,city
2,3526 HIGH ST,SACRAMENTO
3,51 OMAHA CT,SACRAMENTO
4,2796 BRANCH ST,SACRAMENTO
5,2805 JANETTE WAY,SACRAMENTO
6,6001 MCMAHON DR,SACRAMENTO
7,5828 PEPPERMILL CT,SACRAMENTO
8,6048 OGDEN NASH WAY,SACRAMENTO
9,2561 19TH AVE,SACRAMENTO
10,11150 TRINITY RIVER DR Unit 114,RANCHO CORDOVA
11,7325 10TH ST,RIO LINDA
12,645 MORRISON AVE,SACRAMENTO
13,4085 FAWN CIR,SACRAMENTO
14,2930 LA ROSA RD,SACRAMENTO
15,2113 KIRK WAY,SACRAMENTO
16,4533 LOCH HAVEN WAY,SACRAMENTO
17,7340 HAMDEN PL,SACRAMENTO
18,6715 6TH ST,RIO LINDA
19,6236 LONGFORD DR Unit 1,CITRUS HEIGHTS
20,250 PERALTA AVE,SACRAMENTO
21,113 LEEWILL AVE,RIO LINDA
22,6118 STONEHAND AVE,CITRUS HEIGHTS
23,4882 BANDALIN WAY,SACRAMENTO
24,7511 OAKVALE CT,NORTH HIGHLANDS
25,9 PASTURE CT,SACRAMENTO
26,3729 BAINBRIDGE DR,NORTH HIGHLANDS
27,3828 BLACKFOOT WAY,ANTELOPE
28,4108 NORTON WAY,SACRAMENTO
29,1469 JANRICK AVE,SACRAMENTO
30,9861 CULP WAY,SACRAMENTO
31,7825 CREEK VALLEY CIR,SACRAMENTO
32,5201 LAGUNA OAKS DR Unit 140,ELK GROVE
33,6768 MEDORA DR,NORTH HIGHLANDS
34,3100 EXPLORER DR,SACRAMENTO
35,7944 DOMINION WAY,ELVERTA
36,5201 LAGUNA OAKS DR Unit 162,ELK GROVE
37,3920 SHINING STAR DR,SACRAMENTO
38,5031 CORVAIR ST,NORTH HIGHLANDS
39,7661 NIXOS WAY,SACRAMENTO
40,7044 CARTHY WAY,SACRAMENTO
41,2442 LARKSPUR LN,SACRAMENTO
42,4800 WESTLAKE PKWY Unit 2109,SACRAMENTO
43,2178 63RD AVE,SACRAMENTO
44,8718 ELK WAY,ELK GROVE
45,5708 RIDGEPOINT DR,ANTELOPE
46,7315 KOALA CT,NORTH HIGHLANDS
47,2622 ERIN DR,SACRAMENTO
48,8421 SUNBLAZE WAY,SACRAMENTO
49,7420 ALIX PKWY,SACRAMENTO
50,3820 NATOMA WAY,SACRAMENTO
51,4431 GREEN TREE DR,SACRAMENTO
52,9417 SARA ST,ELK GROVE
53,8299 HALBRITE WAY,SACRAMENTO
54,7223 KALLIE KAY LN,SACRAMENTO
55,8156 STEINBECK WAY,SACRAMENTO
56,7957 VALLEY GREEN DR,SACRAMENTO
57,1122 WILD POPPY CT,GALT
58,4520 BOMARK WAY,SACRAMENTO
59,9012 KIEFER BLVD,SACRAMENTO
60,5332 SANDSTONE ST,CARMICHAEL
61,5993 SAWYER CIR,SACRAMENTO
62,4844 CLYDEBANK WAY,ANTELOPE
63,306 CAMELLIA WAY,GALT
64,9021 MADISON AVE,ORANGEVALE
65,404 6TH ST,GALT
66,8317 SUNNY CREEK WAY,SACRAMENTO
67,2617 BASS CT,SACRAMENTO
68,7005 TIANT WAY,ELK GROVE
69,7895 CABER WAY,ANTELOPE
70,7624 BOGEY CT,SACRAMENTO
71,6930 HAMPTON COVE WAY,SACRAMENTO
72,8708 MESA BROOK WAY,ELK GROVE
73,120 GRANT LN,FOLSOM
74,5907 ELLERSLEE DR,CARMICHAEL
75,17 SERASPI CT,SACRAMENTO
76,170 PENHOW CIR,SACRAMENTO
77,8345 STAR THISTLE WAY,SACRAMENTO
78,9080 FRESCA WAY,ELK GROVE
79,391 NATALINO CIR,SACRAMENTO
80,8373 BLACKMAN WAY,ELK GROVE
81,9837 CORTE DORADO CT,ELK GROVE
82,5037 J PKWY,SACRAMENTO
83,10245 LOS PALOS DR,RANCHO CORDOVA
84,6613 NAVION DR,CITRUS HEIGHTS
85,2887 AZEVEDO DR,SACRAMENTO
86,9186 KINBRACE CT,SACRAMENTO
87,4243 MIDDLEBURY WAY,MATHER
88,1028 FALLON PLACE CT,RIO LINDA
89,4804 NORIKER DR,ELK GROVE
90,7713 HARVEST WOODS DR,SACRAMENTO
91,2866 KARITSA AVE,SACRAMENTO
92,6913 RICHEVE WAY,SACRAMENTO
93,8636 TEGEA WAY,ELK GROVE
94,5448 MAIDSTONE WAY,CITRUS HEIGHTS
95,18 OLLIE CT,ELK GROVE
96,4010 ALEX LN,CARMICHAEL
97,4901 MILLNER WAY,ELK GROVE
98,4818 BRITTNEY LEE CT,SACRAMENTO
99,5529 LAGUNA PARK DR,ELK GROVE
100,230 CANDELA CIR,SACRAMENTO
101,4900 71ST ST,SACRAMENTO
102,12209 CONSERVANCY WAY,RANCHO CORDOVA
103,4236 NATOMAS CENTRAL DR,SACRAMENTO
104,5615 LUPIN LN,POLLOCK PINES
105,5625 JAMES WAY,SACRAMENTO
106,7842 LAHONTAN CT,SACRAMENTO
107,6850 21ST ST,SACRAMENTO
108,2900 BLAIR RD,POLLOCK PINES
109,2064 EXPEDITION WAY,SACRAMENTO
110,2912 NORCADE CIR,SACRAMENTO
111,9507 SEA CLIFF WAY,ELK GROVE
112,8882 AUTUMN GOLD CT,ELK GROVE
113,5322 WHITE LOTUS WAY,ELK GROVE
114,1838 CASTRO WAY,SACRAMENTO
115,10158 CRAWFORD WAY,SACRAMENTO
116,7731 MASTERS ST,ELK GROVE
117,4925 PERCHERON DR,ELK GROVE
118,2010 PROMONTORY POINT LN,GOLD RIVER
119,4727 SAVOIE WAY,SACRAMENTO
120,8664 MAGNOLIA HILL WAY,ELK GROVE
121,9570 HARVEST ROSE WAY,SACRAMENTO
122,4359 CREGAN CT,RANCHO CORDOVA
123,5337 DUSTY ROSE WAY,RANCHO CORDOVA
124,8929 SUTTERS GOLD DR,SACRAMENTO
125,8025 PEERLESS AVE,ORANGEVALE
126,4620 WELERA WAY,ELK GROVE
127,9723 TERRAPIN CT,ELK GROVE
128,2115 SMOKESTACK WAY,SACRAMENTO
129,100 REBECCA WAY,FOLSOM
130,9488 OAK VILLAGE WAY,ELK GROVE
131,8495 DARTFORD DR,SACRAMENTO
132,6708 PONTA DO SOL WAY,ELK GROVE
133,4143 SEA MEADOW WAY,SACRAMENTO
134,3020 RICHARDSON CIR,EL DORADO HILLS
135,8082 LINDA ISLE LN,SACRAMENTO
136,15300 MURIETA SOUTH PKWY,RANCHO MURIETA
137,11215 SHARRMONT CT,WILTON
138,7105 DANBERG WAY,ELK GROVE
139,5579 JERRY LITELL WAY,SACRAMENTO
140,1050 FOXHALL WAY,SACRAMENTO
141,7837 ABBINGTON WAY,ANTELOPE
142,1300 F ST,SACRAMENTO
143,6801 RAWLEY WAY,ELK GROVE
144,1693 SHELTER COVE DR,GREENWOOD
145,9361 WADDELL LN,ELK GROVE
146,10 SEA FOAM CT,SACRAMENTO
147,6945 RIO TEJO WAY,ELK GROVE
148,4186 TULIP PARK WAY,RANCHO CORDOVA
149,9278 DAIRY CT,ELK GROVE
150,207 ORANGE BLOSSOM CIR Unit C,FOLSOM
151,6507 RIO DE ONAR WAY,ELK GROVE
152,7004 RAWLEY WAY,ELK GROVE
153,6503 RIO DE ONAR WAY,ELK GROVE
154,2217 APPALOOSA CT,FOLSOM
155,868 HILDEBRAND CIR,FOLSOM
156,6030 PALERMO WAY,EL DORADO HILLS
157,4070 REDONDO DR,EL DORADO HILLS
158,4004 CRESTA WAY,SACRAMENTO
159,315 JUMEL CT,EL DORADO HILLS
160,6272 LONGFORD DR Unit 1,CITRUS HEIGHTS
161,3432 Y ST,SACRAMENTO
162,9512 EMERALD PARK DR Unit 3,ELK GROVE
163,3132 CLAY ST,SACRAMENTO
164,5221 38TH AVE,SACRAMENTO
165,6112 HERMOSA ST,SACRAMENTO
166,483 ARCADE BLVD,SACRAMENTO
167,671 SONOMA AVE,SACRAMENTO
168,5980 79TH ST,SACRAMENTO
169,7607 ELDER CREEK RD,SACRAMENTO
170,5028 14TH AVE,SACRAMENTO
171,14788 NATCHEZ CT,RANCHO MURIETA
172,1069 ACACIA AVE,SACRAMENTO
173,5201 LAGUNA OAKS DR Unit 199,ELK GROVE
174,3847 LAS PASAS WAY,SACRAMENTO
175,5201 LAGUNA OAKS DR Unit 172,ELK GROVE
176,1121 CREEKSIDE WAY,GALT
177,5307 CABRILLO WAY,SACRAMENTO
178,3725 DON JULIO BLVD,NORTH HIGHLANDS
179,4803 MCCLOUD DR,SACRAMENTO
180,10542 SILVERWOOD WAY,RANCHO CORDOVA
181,6318 39TH AVE,SACRAMENTO
182,211 MCDANIEL CIR,SACRAMENTO
183,3800 LYNHURST WAY,NORTH HIGHLANDS
184,6139 HERMOSA ST,SACRAMENTO
185,2505 RHINE WAY,ELVERTA
186,3692 PAYNE WAY,NORTH HIGHLANDS
187,604 MORRISON AVE,SACRAMENTO
188,648 SANTA ANA AVE,SACRAMENTO
189,14 ASHLEY OAKS CT,SACRAMENTO
190,3174 NORTHVIEW DR,SACRAMENTO
191,840 TRANQUIL LN,GALT
192,5333 PRIMROSE DR Unit 19A,FAIR OAKS
193,1035 MILLET WAY,SACRAMENTO
194,5201 LAGUNA OAKS DR Unit 126,ELK GROVE
195,3328 22ND AVE,SACRAMENTO
196,8001 HARTWICK WAY,SACRAMENTO
197,7812 HARTWICK WAY,SACRAMENTO
198,4207 PAINTER WAY,NORTH HIGHLANDS
199,7458 WINKLEY WAY,SACRAMENTO
200,8354 SUNRISE WOODS WAY,SACRAMENTO
201,8116 COTTONMILL CIR,SACRAMENTO
202,4660 CEDARWOOD WAY,SACRAMENTO
203,9254 HARROGATE WAY,ELK GROVE
204,6716 TAREYTON WAY,CITRUS HEIGHTS
205,2028 ROBERT WAY,SACRAMENTO
206,9346 AIZENBERG CIR,ELK GROVE
207,4524 LOCH HAVEN WAY,SACRAMENTO
208,7140 BLUE SPRINGS WAY,CITRUS HEIGHTS
209,4631 11TH AVE,SACRAMENTO
210,3228 BAGGAN CT,ANTELOPE
211,8515 DARTFORD DR,SACRAMENTO
212,4500 TIPPWOOD WAY,SACRAMENTO
213,2460 EL ROCCO WAY,RANCHO CORDOVA
214,8244 SUNBIRD WAY,SACRAMENTO
215,5841 VALLEY VALE WAY,SACRAMENTO
216,7863 CRESTLEIGH CT,ANTELOPE
217,7129 SPRINGMONT DR,ELK GROVE
218,8284 RED FOX WAY,ELK GROVE
219,2219 EL CANTO CIR,RANCHO CORDOVA
220,8907 GEMWOOD WAY,ELK GROVE
221,5925 MALEVILLE AVE,CARMICHAEL
222,7031 CANEVALLEY CIR,CITRUS HEIGHTS
223,3949 WILDROSE WAY,SACRAMENTO
224,4437 MITCHUM CT,ANTELOPE
225,2778 KAWEAH CT,CAMERON PARK
226,1636 ALLENWOOD CIR,LINCOLN
227,8151 QUAIL RIDGE CT,SACRAMENTO
228,4899 WIND CREEK DR,SACRAMENTO
229,2370 BIG CANYON CREEK RD,PLACERVILLE
230,6049 HAMBURG WAY,SACRAMENTO
231,4232 71ST ST,SACRAMENTO
232,3361 BOW MAR CT,CAMERON PARK
233,1889 COLD SPRINGS RD,PLACERVILLE
234,5805 HIMALAYA WAY,CITRUS HEIGHTS
235,7944 SYLVAN OAK WAY,CITRUS HEIGHTS
236,3139 SPOONWOOD WAY Unit 1,SACRAMENTO
237,6217 LEOLA WAY,SACRAMENTO
238,2340 HURLEY WAY,SACRAMENTO
239,3035 BRUNNET LN,SACRAMENTO
240,3025 EL PRADO WAY,SACRAMENTO
241,9387 GRANITE FALLS CT,ELK GROVE
242,9257 CALDERA WAY,SACRAMENTO
243,441 ARLINGDALE CIR,RIO LINDA
244,2284 LOS ROBLES RD,MEADOW VISTA
245,8164 CHENIN BLANC LN,FAIR OAKS
246,4620 CHAMBERLIN CIR,ELK GROVE
247,5340 BIRK WAY,SACRAMENTO
248,51 ANJOU CIR,SACRAMENTO
249,2125 22ND AVE,SACRAMENTO
250,611 BLOSSOM ROCK LN,FOLSOM
251,8830 ADUR RD,ELK GROVE
252,7344 BUTTERBALL WAY,SACRAMENTO
253,8219 GWINHURST CIR,SACRAMENTO
254,3240 S ST,SACRAMENTO
255,221 PICASSO CIR,SACRAMENTO
256,5706 GREENACRES WAY,ORANGEVALE
257,6900 LONICERA DR,ORANGEVALE
258,419 DAWNRIDGE RD,ROSEVILLE
259,5312 MARBURY WAY,ANTELOPE
260,6344 BONHAM CIR,CITRUS HEIGHTS
261,8207 YORKTON WAY,SACRAMENTO
262,7922 MANSELL WAY,ELK GROVE
263,5712 MELBURY CIR,ANTELOPE
264,632 NEWBRIDGE LN,LINCOLN
265,1570 GLIDDEN AVE,SACRAMENTO
266,8108 FILIFERA WAY,ANTELOPE
267,230 BANKSIDE WAY,SACRAMENTO
268,5342 CALABRIA WAY,SACRAMENTO
269,47 NAPONEE CT,SACRAMENTO
270,4236 ADRIATIC SEA WAY,SACRAMENTO
271,8864 REMBRANT CT,ELK GROVE
272,9455 SEA CLIFF WAY,ELK GROVE
273,9720 LITTLE HARBOR WAY,ELK GROVE
274,8806 PHOENIX AVE,FAIR OAKS
275,3578 LOGGERHEAD WAY,SACRAMENTO
276,1416 LOCKHART WAY,ROSEVILLE
277,5413 BUENA VENTURA WAY,FAIR OAKS
278,37 WHITE BIRCH CT,ROSEVILLE
279,405 MARLIN SPIKE WAY,SACRAMENTO
280,1102 CHESLEY LN,LINCOLN
281,11281 STANFORD COURT LN Unit 604,GOLD RIVER
282,7320 6TH ST,RIO LINDA
283,993 MANTON CT,GALT
284,4487 PANORAMA DR,PLACERVILLE
285,5651 OVERLEAF WAY,SACRAMENTO
286,2015 PROMONTORY POINT LN,GOLD RIVER
287,3224 PARKHAM DR,ROSEVILLE
288,15 VANESSA PL,SACRAMENTO
289,1312 RENISON LN,LINCOLN
290,8 RIVER RAFT CT,SACRAMENTO
291,2251 LAMPLIGHT LN,LINCOLN
292,106 FARHAM DR,FOLSOM
293,5405 NECTAR CIR,ELK GROVE
294,5411 10TH AVE,SACRAMENTO
295,3512 RAINSONG CIR,RANCHO CORDOVA
296,1106 55TH ST,SACRAMENTO
297,411 ILLSLEY WAY,FOLSOM
298,796 BUTTERCUP CIR,GALT
299,1230 SANDRA CIR,PLACERVILLE
300,318 ANACAPA DR,ROSEVILLE
301,3975 SHINING STAR DR,SACRAMENTO
302,1620 BASLER ST,SACRAMENTO
303,9688 NATURE TRAIL WAY,ELK GROVE
304,5924 TANUS CIR,ROCKLIN
305,9629 CEDAR OAK WAY,ELK GROVE
306,3429 FERNBROOK CT,CAMERON PARK
307,2121 HANNAH WAY,ROCKLIN
308,10104 ANNIE ST,ELK GROVE
309,1092 MAUGHAM CT,GALT
310,5404 ALMOND FALLS WAY,RANCHO CORDOVA
311,6306 CONEJO,RANCHO MURIETA
312,14 CASA VATONI PL,SACRAMENTO
313,1456 EAGLESFIELD LN,LINCOLN
314,4100 BOTHWELL CIR,EL DORADO HILLS
315,427 21ST ST,SACRAMENTO
316,1044 GALSTON DR,FOLSOM
317,4440 SYCAMORE AVE,SACRAMENTO
318,1032 SOUZA DR,EL DORADO HILLS
319,9760 LAZULITE CT,ELK GROVE
320,241 LANFRANCO CIR,SACRAMENTO
321,5559 NORTHBOROUGH DR,SACRAMENTO
322,2125 BIG SKY DR,ROCKLIN
323,2109 HAMLET PL,CARMICHAEL
324,9970 STATE HIGHWAY 193,PLACERVILLE
325,2901 PINTAIL WAY,ELK GROVE
326,201 FIRESTONE DR,ROSEVILLE
327,1740 HIGH ST,AUBURN
328,2733 DANA LOOP,EL DORADO HILLS
329,9741 SADDLEBRED CT,WILTON
330,7756 TIGERWOODS DR,SACRAMENTO
331,5709 RIVER OAK WAY,CARMICHAEL
332,2981 WRINGER DR,ROSEVILLE
333,8616 ROCKPORTE CT,ROSEVILLE
334,4128 HILL ST,FAIR OAKS
335,1409 47TH ST,SACRAMENTO
336,3935 EL MONTE DR,LOOMIS
337,5840 WALERGA RD,SACRAMENTO
338,923 FULTON AVE,SACRAMENTO
339,261 REDONDO AVE,SACRAMENTO
340,4030 BROADWAY,SACRAMENTO
341,3660 22ND AVE,SACRAMENTO
342,3924 HIGH ST,SACRAMENTO
343,4734 14TH AVE,SACRAMENTO
344,4734 14TH AVE,SACRAMENTO
345,5050 RHODE ISLAND DR Unit 4,SACRAMENTO
346,4513 GREENHOLME DR,SACRAMENTO
347,3845 ELM ST,SACRAMENTO
348,3908 17TH AVE,SACRAMENTO
349,7109 CHANDLER DR,SACRAMENTO
350,7541 SKELTON WAY,SACRAMENTO
351,9058 MONTOYA ST,SACRAMENTO
352,1016 CONGRESS AVE,SACRAMENTO
353,540 MORRISON AVE,SACRAMENTO
354,5303 JERRETT WAY,SACRAMENTO
355,2820 DEL PASO BLVD,SACRAMENTO
356,3715 TALLYHO DR Unit 78HIGH,SACRAMENTO
357,6013 ROWAN WAY,CITRUS HEIGHTS
358,2987 PONDEROSA LN,SACRAMENTO
359,3732 LANKERSHIM WAY,NORTH HIGHLANDS
360,2216 DUNLAP DR,SACRAMENTO
361,3503 21ST AVE,SACRAMENTO
362,523 EXCHANGE ST,SACRAMENTO
363,8101 PORT ROYALE WAY,SACRAMENTO
364,8020 WALERGA RD,ANTELOPE
365,167 VALLEY OAK DR,ROSEVILLE
366,7876 BURLINGTON WAY,SACRAMENTO
367,3726 JONKO AVE,NORTH HIGHLANDS
368,7342 GIGI PL,SACRAMENTO
369,2610 PHYLLIS AVE,SACRAMENTO
370,4200 COMMERCE WAY Unit 711,SACRAMENTO
371,4621 COUNTRY SCENE WAY,SACRAMENTO
372,5380 VILLAGE WOOD DR,SACRAMENTO
373,2621 EVERGREEN ST,SACRAMENTO
374,201 CARLO CT,GALT
375,6743 21ST ST,SACRAMENTO
376,3128 VIA GRANDE,SACRAMENTO
377,2847 BELGRADE WAY,SACRAMENTO
378,7741 MILLDALE CIR,ELVERTA
379,9013 CASALS ST,SACRAMENTO
380,227 MAHAN CT Unit 1,ROSEVILLE
381,7349 FLETCHER FARM DR,SACRAMENTO
382,7226 LARCHMONT DR,NORTH HIGHLANDS
383,4114 35TH AVE,SACRAMENTO
384,617 M ST,RIO LINDA
385,7032 FAIR OAKS BLVD,CARMICHAEL
386,2421 SANTINA WAY,ELVERTA
387,2368 CRAIG AVE,SACRAMENTO
388,2123 AMANDA WAY,SACRAMENTO
389,7620 DARLA WAY,SACRAMENTO
390,8344 FIELDPOPPY CIR,SACRAMENTO
391,3624 20TH AVE,SACRAMENTO
392,10001 WOODCREEK OAKS BLVD Unit 1415,ROSEVILLE
393,2848 PROVO WAY,SACRAMENTO
394,6045 EHRHARDT AVE,SACRAMENTO
395,1223 LAMBERTON CIR,SACRAMENTO
396,1223 LAMBERTON CIR,SACRAMENTO
397,6000 BIRCHGLADE WAY,CITRUS HEIGHTS
398,7204 THOMAS DR,NORTH HIGHLANDS
399,8363 LANGTREE WAY,SACRAMENTO
400,1675 VERNON ST Unit 8,ROSEVILLE
401,6632 IBEX WOODS CT,CITRUS HEIGHTS
402,117 EVCAR WAY,RIO LINDA
403,6485 LAGUNA MIRAGE LN,ELK GROVE
404,746 MOOSE CREEK WAY,GALT
405,8306 CURLEW CT,CITRUS HEIGHTS
406,8306 CURLEW CT,CITRUS HEIGHTS
407,5217 ARGO WAY,SACRAMENTO
408,7108 HEATHER TREE DR,SACRAMENTO
409,2956 DAVENPORT WAY,SACRAMENTO
410,10062 LINCOLN VILLAGE DR,SACRAMENTO
411,332 PALIN AVE,GALT
412,4649 FREEWAY CIR,SACRAMENTO
413,8593 DERLIN WAY,SACRAMENTO
414,9273 PREMIER WAY,SACRAMENTO
415,8032 DUSENBERG CT,SACRAMENTO
416,7110 STELLA LN Unit 15,CARMICHAEL
417,1786 PIEDMONT WAY,ROSEVILLE
418,1347 HIDALGO CIR,ROSEVILLE
419,212 CAPPUCINO WAY,SACRAMENTO
420,5938 WOODBRIAR WAY,CITRUS HEIGHTS
421,3801 WILDROSE WAY,SACRAMENTO
422,508 SAMUEL WAY,SACRAMENTO
423,6128 CARL SANDBURG CIR,SACRAMENTO
424,1 KENNELFORD CIR,SACRAMENTO
425,909 SINGINGWOOD RD,SACRAMENTO
426,6671 FOXWOOD CT,SACRAMENTO
427,8165 AYN RAND CT,SACRAMENTO
428,9474 VILLAGE TREE DR,ELK GROVE
429,7213 CALVIN DR,CITRUS HEIGHTS
430,8167 DERBY PARK CT,SACRAMENTO
431,6344 LAGUNA MIRAGE LN,ELK GROVE
432,2945 RED HAWK WAY,SACRAMENTO
433,3228 I ST,SACRAMENTO
434,308 ATKINSON ST,ROSEVILLE
435,624 HOVEY WAY,ROSEVILLE
436,110 COPPER LEAF WAY,SACRAMENTO
437,7535 ALMA VISTA WAY,SACRAMENTO
438,7423 WILSALL CT,ELK GROVE
439,8629 VIA ALTA WAY,ELK GROVE
440,3318 DAVIDSON DR,ANTELOPE
441,913 COBDEN CT,GALT
442,4419 79TH ST,SACRAMENTO
443,3012 SPOONWOOD WAY,SACRAMENTO
444,8728 CRYSTAL RIVER WAY,SACRAMENTO
445,4709 AMBER LN Unit 1,SACRAMENTO
446,4508 OLD DAIRY DR,ANTELOPE
447,312 RIVER ISLE WAY,SACRAMENTO
448,301 OLIVADI WAY,SACRAMENTO
449,5636 25TH ST,SACRAMENTO
450,8721 SPRUCE RIDGE WAY,ANTELOPE
451,7461 WINDBRIDGE DR,SACRAMENTO
452,8101 LEMON COVE CT,SACRAMENTO
453,10949 SCOTSMAN WAY,RANCHO CORDOVA
454,617 WILLOW CREEK DR,FOLSOM
455,3301 PARK DR Unit 1914,SACRAMENTO
456,709 CIMMARON CT,GALT
457,3305 RIO ROCA CT,ANTELOPE
458,9080 BEDROCK CT,SACRAMENTO
459,100 TOURMALINE CIR,SACRAMENTO
460,6411 RED BIRCH WAY,ELK GROVE
461,4867 LAGUNA DR,SACRAMENTO
462,3662 RIVER DR,SACRAMENTO
463,6943 WOLFGRAM WAY,SACRAMENTO
464,77 RINETTI WAY,RIO LINDA
465,1316 I ST,RIO LINDA
466,2130 CATHERWOOD WAY,SACRAMENTO
467,8304 JUGLANS DR,ORANGEVALE
468,5308 MARBURY WAY,ANTELOPE
469,9182 LAKEMONT DR,ELK GROVE
470,2231 COUNTRY VILLA CT,AUBURN
471,8491 CRYSTAL WALK CIR,ELK GROVE
472,361 MAHONIA CIR,SACRAMENTO
473,3427 LA CADENA WAY,SACRAMENTO
474,955 BIG SUR CT,EL DORADO HILLS
475,11826 DIONYSUS WAY,RANCHO CORDOVA
476,5847 DEL CAMPO LN,CARMICHAEL
477,5635 FOXVIEW WAY,ELK GROVE
478,10372 VIA CINTA CT,ELK GROVE
479,6286 LONETREE BLVD,ROCKLIN
480,7744 SOUTHBREEZE DR,SACRAMENTO
481,2242 ABLE WAY,SACRAMENTO
482,1042 STARBROOK DR,GALT
483,1219 G ST,SACRAMENTO
484,6220 OPUS CT,CITRUS HEIGHTS
485,5419 HAVENHURST CIR,ROCKLIN
486,220 OLD AIRPORT RD,AUBURN
487,4622 MEYER WAY,CARMICHAEL
488,4885 SUMMIT VIEW DR,EL DORADO
489,26 JEANROSS CT,SACRAMENTO
490,4800 MAPLEPLAIN AVE,ELK GROVE
491,10629 BASIE WAY,RANCHO CORDOVA
492,8612 WILLOW GROVE WAY,SACRAMENTO
493,62 DE FER CIR,SACRAMENTO
494,2513 OLD KENMARE RD,LINCOLN
495,3253 ABOTO WAY,RANCHO CORDOVA
496,3072 VILLAGE PLAZA DR,ROSEVILLE
497,251 CHANGO CIR,SACRAMENTO
498,8205 WEYBURN CT,SACRAMENTO
499,8788 LA MARGARITA WAY,SACRAMENTO
500,5912 DEEPDALE WAY,ELK GROVE
501,4712 PISMO BEACH DR,ANTELOPE
502,4741 PACIFIC PARK DR,ANTELOPE
503,310 GROTH CIR,SACRAMENTO
504,6121 WILD FOX CT,ELK GROVE
505,12241 CANYONLANDS DR,RANCHO CORDOVA
506,29 COOL FOUNTAIN CT,SACRAMENTO
507,907 RIO ROBLES AVE,SACRAMENTO
508,8909 BILLFISH WAY,SACRAMENTO
509,6232 GUS WAY,ELK GROVE
510,200 OAKWILDE ST,GALT
511,1033 PARK STREAM DR,GALT
512,200 ALLAIRE CIR,SACRAMENTO
513,1322 SUTTER WALK,SACRAMENTO
514,5479 NICKMAN WAY,SACRAMENTO
515,2103 BURBERRY WAY,SACRAMENTO
516,2450 SAN JOSE WAY,SACRAMENTO
517,7641 ROSEHALL DR,ROSEVILLE
518,1336 LAYSAN TEAL DR,ROSEVILLE
519,2802 BLACK OAK DR,ROCKLIN
520,2113 FALL TRAIL CT,PLACERVILLE
521,10112 LAMBEAU CT,ELK GROVE
522,6313 CASTRO VERDE WAY,ELK GROVE
523,3622 CURTIS DR,SACRAMENTO
524,11817 OPAL RIDGE WAY,RANCHO CORDOVA
525,170 LAGOMARSINO WAY,SACRAMENTO
526,2743 DEAKIN PL,EL DORADO HILLS
527,3361 ALDER CANYON WAY,ANTELOPE
528,2148 RANCH VIEW DR,ROCKLIN
529,398 LINDLEY DR,SACRAMENTO
530,3013 BRIDLEWOOD DR,EL DORADO HILLS
531,169 BAURER CIR,FOLSOM
532,2809 LOON CT,CAMERON PARK
533,1315 KONDOS AVE,SACRAMENTO
534,4966 CHARTER RD,ROCKLIN
535,9516 LAGUNA LAKE WAY,ELK GROVE
536,5201 BLOSSOM RANCH DR,ELK GROVE
537,3027 PALMATE WAY,SACRAMENTO
538,500 WINCHESTER CT,ROSEVILLE
539,5746 GELSTON WAY,EL DORADO HILLS
540,6935 ELM TREE LN,ORANGEVALE
541,9605 GOLF COURSE LN,ELK GROVE
542,719 BAYWOOD CT,EL DORADO HILLS
543,5954 TANUS CIR,ROCKLIN
544,100 CHELSEA CT,FOLSOM
545,1500 ORANGE HILL LN,PENRYN
546,408 KIRKWOOD CT,LINCOLN
547,1732 TUSCAN GROVE CIR,ROSEVILLE
548,2049 EMPIRE MINE CIR,GOLD RIVER
549,9360 MAGOS RD,WILTON
550,104 CATLIN CT,FOLSOM
551,4734 GIBBONS DR,CARMICHAEL
552,4629 DORCHESTER LN,GRANITE BAY
553,2400 COUNTRYSIDE DR,PLACERVILLE
554,12901 FURLONG DR,WILTON
555,6222 CALLE MONTALVO CIR,GRANITE BAY
556,20 CRYSTALWOOD CIR,LINCOLN
557,24 CRYSTALWOOD CIR,LINCOLN
558,28 CRYSTALWOOD CIR,LINCOLN
559,32 CRYSTALWOOD CIR,LINCOLN
560,36 CRYSTALWOOD CIR,LINCOLN
561,40 CRYSTALWOOD CIR,LINCOLN
562,44 CRYSTALWOOD CIR,LINCOLN
563,48 CRYSTALWOOD CIR,LINCOLN
564,52 CRYSTALWOOD CIR,LINCOLN
565,68 CRYSTALWOOD CIR,LINCOLN
566,72 CRYSTALWOOD CIR,LINCOLN
567,76 CRYSTALWOOD CIR,LINCOLN
568,80 CRYSTALWOOD CIR,LINCOLN
569,84 CRYSTALWOOD CIR,LINCOLN
570,88 CRYSTALWOOD CIR,LINCOLN
571,92 CRYSTALWOOD CIR,LINCOLN
572,96 CRYSTALWOOD CIR,LINCOLN
573,100 CRYSTALWOOD CIR,LINCOLN
574,434 1ST ST,LINCOLN
575,3 E ST,LINCOLN
576,11 E ST,LINCOLN
577,19 E ST,LINCOLN
578,27 E ST,LINCOLN
579,35 E ST,LINCOLN
580,43 E ST,LINCOLN
581,51 E ST,LINCOLN
582,59 E ST,LINCOLN
583,75 E ST,LINCOLN
584,63 CRYSTALWOOD CIR,LINCOLN
585,398 1ST ST,LINCOLN
586,386 1ST ST,LINCOLN
587,374 1ST ST,LINCOLN
588,116 CRYSTALWOOD WAY,LINCOLN
589,108 CRYSTALWOOD WAY,LINCOLN
590,100 CRYSTALWOOD WAY,LINCOLN
591,55 CRYSTALWOOD CIR,LINCOLN
592,51 CRYSTALWOOD CIR,LINCOLN
593,47 CRYSTALWOOD CIR,LINCOLN
594,43 CRYSTALWOOD CIR,LINCOLN
595,39 CRYSTALWOOD CIR,LINCOLN
596,35 CRYSTALWOOD CIR,LINCOLN
597,31 CRYSTALWOOD CIR,LINCOLN
598,27 CRYSTALWOOD CIR,LINCOLN
599,23 CRYSTALWOOD CIR,LINCOLN
600,19 CRYSTALWOOD CIR,LINCOLN
601,15 CRYSTALWOOD CIR,LINCOLN
602,7 CRYSTALWOOD CIR,LINCOLN
603,7 CRYSTALWOOD CIR,LINCOLN
604,3 CRYSTALWOOD CIR,LINCOLN
605,8208 WOODYARD WAY,CITRUS HEIGHTS
606,113 RINETTI WAY,RIO LINDA
607,15 LOORZ CT,SACRAMENTO
608,5805 DOTMAR WAY,NORTH HIGHLANDS
609,2332 CAMBRIDGE ST,SACRAMENTO
610,3812 BELDEN ST,SACRAMENTO
611,3348 40TH ST,SACRAMENTO
612,127 QUASAR CIR,SACRAMENTO
613,3812 CYPRESS ST,SACRAMENTO
614,5821 64TH ST,SACRAMENTO
615,8248 CENTER PKWY,SACRAMENTO
616,1171 SONOMA AVE,SACRAMENTO
617,4250 ARDWELL WAY,SACRAMENTO
618,3104 CLAY ST,SACRAMENTO
619,6063 LAND PARK DR,SACRAMENTO
620,4738 OAKHOLLOW DR,SACRAMENTO
621,1401 STERLING ST,SACRAMENTO
622,3715 DIDCOT CIR,SACRAMENTO
623,2426 RASHAWN DR,RANCHO CORDOVA
624,4800 WESTLAKE PKWY Unit 410,SACRAMENTO
625,3409 VIRGO ST,SACRAMENTO
626,1110 PINEDALE AVE,SACRAMENTO
627,2361 LA LOMA DR,RANCHO CORDOVA
628,1455 64TH AVE,SACRAMENTO
629,7328 SPRINGMAN ST,SACRAMENTO
630,119 SAINT MARIE CIR,SACRAMENTO
631,12 COSTA BRASE CT,SACRAMENTO
632,6813 SCOTER WAY,SACRAMENTO
633,6548 GRAYLOCK LN,NORTH HIGHLANDS
634,1630 GLIDDEN AVE,SACRAMENTO
635,7825 DALEWOODS WAY,SACRAMENTO
636,4073 TRESLER AVE,NORTH HIGHLANDS
637,4288 DYMIC WAY,SACRAMENTO
638,1158 SAN IGNACIO WAY,SACRAMENTO
639,4904 J PKWY,SACRAMENTO
640,2931 HOWE AVE,SACRAMENTO
641,5531 JANSEN DR,SACRAMENTO
642,7836 ORCHARD WOODS CIR,SACRAMENTO
643,4055 DEERBROOK DR,SACRAMENTO
644,9937 BURLINE ST,SACRAMENTO
645,6948 MIRADOR WAY,SACRAMENTO
646,4909 RUGER CT,SACRAMENTO
647,7204 KERSTEN ST,CITRUS HEIGHTS
648,3150 ROSEMONT DR,SACRAMENTO
649,8200 STEINBECK WAY,SACRAMENTO
650,8198 STEVENSON AVE,SACRAMENTO
651,6824 OLIVE TREE WAY,CITRUS HEIGHTS
652,3536 SUN MAIDEN WAY,ANTELOPE
653,4517 OLYMPIAD WAY,SACRAMENTO
654,925 COBDEN CT,GALT
655,8225 SCOTTSDALE DR,SACRAMENTO
656,8758 LEMAS RD,SACRAMENTO
657,6121 ALPINESPRING WAY,ELK GROVE
658,5937 YORK GLEN WAY,SACRAMENTO
659,6417 SUNNYFIELD WAY,SACRAMENTO
660,4008 GREY LIVERY WAY,ANTELOPE
661,8920 ROSETTA CIR,SACRAMENTO
662,8300 LICHEN DR,CITRUS HEIGHTS
663,8884 AMBERJACK WAY,SACRAMENTO
664,4480 VALLEY HI DR,SACRAMENTO
665,2250 FOREBAY RD,POLLOCK PINES
666,3529 FABERGE WAY,SACRAMENTO
667,1792 DAWNELLE WAY,SACRAMENTO
668,7800 TABARE CT,CITRUS HEIGHTS
669,8531 HERMITAGE WAY,SACRAMENTO
670,2421 BERRYWOOD DR,RANCHO CORDOVA
671,1005 MORENO WAY,SACRAMENTO
672,1675 VERNON ST Unit 24,ROSEVILLE
673,24 WINDCHIME CT,SACRAMENTO
674,540 HARLING CT,RIO LINDA
675,1207 CRESCENDO DR,ROSEVILLE
676,7577 EDDYLEE WAY,SACRAMENTO
677,8369 FOPPIANO WAY,SACRAMENTO
678,8817 SAWTELLE WAY,SACRAMENTO
679,1910 BONAVISTA WAY,SACRAMENTO
680,8 TIDE CT,SACRAMENTO
681,8952 ROCKY CREEK CT,ELK GROVE
682,435 EXCHANGE ST,SACRAMENTO
683,10105 MONTE VALLO CT,SACRAMENTO
684,3930 ANNABELLE AVE,ROSEVILLE
685,4854 TANGERINE AVE,SACRAMENTO
686,2909 SHAWN WAY,RANCHO CORDOVA
687,4290 BLACKFORD WAY,SACRAMENTO
688,5890 TT TRAK,FORESTHILL
689,7015 WOODSIDE DR,SACRAMENTO
690,6019 CHESHIRE WAY,CITRUS HEIGHTS
691,3330 VILLAGE CT,CAMERON PARK
692,2561 VERNA WAY,SACRAMENTO
693,3522 22ND AVE,SACRAMENTO
694,2880 CANDIDO DR,SACRAMENTO
695,6908 PIN OAK CT,FAIR OAKS
696,5733 ANGELINA AVE,CARMICHAEL
697,7849 BONNY DOWNS WAY,ELK GROVE
698,8716 LONGSPUR WAY,ANTELOPE
699,6320 EL DORADO ST,EL DORADO
700,2328 DOROTHY JUNE WAY,SACRAMENTO
701,1986 DANVERS WAY,SACRAMENTO
702,7901 GAZELLE TRAIL WAY,ANTELOPE
703,6080 BRIDGECROSS DR,SACRAMENTO
704,20 GROTH CIR,SACRAMENTO
705,1900 DANBROOK DR,SACRAMENTO
706,140 VENTO CT,ROSEVILLE
707,8442 KEUSMAN ST,ELK GROVE
708,9552 SUNLIGHT LN,ELK GROVE
709,2733 YUMA CT,CAMERON PARK
710,1407 TIFFANY CIR,ROSEVILLE
711,636 CRESTVIEW DR,DIAMOND SPRINGS
712,1528 HESKET WAY,SACRAMENTO
713,2327 32ND ST,SACRAMENTO
714,1833 2ND AVE,SACRAMENTO
715,7252 CARRIAGE DR,CITRUS HEIGHTS
716,9815 PASO FINO WAY,ELK GROVE
717,5532 ENGLE RD,CARMICHAEL
718,1139 CLINTON RD,SACRAMENTO
719,9176 SAGE GLEN WAY,ELK GROVE
720,9967 HATHERTON WAY,ELK GROVE
721,9264 BOULDER RIVER WAY,ELK GROVE
722,320 GROTH CIR,SACRAMENTO
723,137 GUNNISON AVE,SACRAMENTO
724,8209 RIVALLO WAY,SACRAMENTO
725,8637 PERIWINKLE CIR,ELK GROVE
726,3425 MEADOW WAY,ROCKLIN
727,107 JARVIS CIR,SACRAMENTO
728,2319 THORES ST,RANCHO CORDOVA
729,8935 MOUNTAIN HOME CT,ELK GROVE
730,2566 SERENATA WAY,SACRAMENTO
731,4085 COUNTRY DR,ANTELOPE
732,9297 TROUT WAY,ELK GROVE
733,7 ARCHIBALD CT,SACRAMENTO
734,11130 EEL RIVER CT,RANCHO CORDOVA
735,8323 REDBANK WAY,SACRAMENTO
736,16 BRONCO CREEK CT,SACRAMENTO
737,8316 NORTHAM DR,ANTELOPE
738,4240 WINJE DR,ANTELOPE
739,3569 SODA WAY,SACRAMENTO
740,5118 ROBANDER ST,CARMICHAEL
741,5976 KYLENCH CT,CITRUS HEIGHTS
742,9247 DELAIR WAY,ELK GROVE
743,9054 DESCENDANT DR,ELK GROVE
744,3450 WHITNOR CT,SACRAMENTO
745,6288 LONETREE BLVD,ROCKLIN
746,9355 MATADOR WAY,SACRAMENTO
747,8671 SUMMER SUN WAY,ELK GROVE
748,1890 GENEVA PL,SACRAMENTO
749,1813 AVENIDA MARTINA,ROSEVILLE
750,191 BARNHART CIR,SACRAMENTO
751,6221 GREEN TOP WAY,ORANGEVALE
752,2298 PRIMROSE LN,LINCOLN
753,5635 LOS PUEBLOS WAY,SACRAMENTO
754,10165 LOFTON WAY,ELK GROVE
755,1251 GREEN RAVINE DR,LINCOLN
756,6001 SHOO FLY RD,PLACERVILLE
757,3040 PARKHAM DR,ROSEVILLE
758,2674 TAM O SHANTER DR,EL DORADO HILLS
759,6007 MARYBELLE LN,SHINGLE SPRINGS
760,9949 NESTLING CIR,ELK GROVE
761,2915 HOLDREGE WAY,SACRAMENTO
762,2678 BRIARTON DR,LINCOLN
763,294 SPARROW DR,GALT
764,2987 DIORITE WAY,SACRAMENTO
765,6326 APPIAN WAY,CARMICHAEL
766,6905 COBALT WAY,CITRUS HEIGHTS
767,8986 HAFLINGER WAY,ELK GROVE
768,2916 BABSON DR,ELK GROVE
769,10133 NEBBIOLO CT,ELK GROVE
770,1103 COMMONS DR,SACRAMENTO
771,4636 TEAL BAY CT,ANTELOPE
772,1524 YOUNGS AVE,SACRAMENTO
773,865 CONRAD CT,PLACERVILLE
774,8463 TERRACOTTA CT,ELK GROVE
775,5747 KING RD,LOOMIS
776,8253 KEEGAN WAY,ELK GROVE
777,9204 TROUT WAY,ELK GROVE
778,1828 2ND AVE,SACRAMENTO
779,1113 COMMONS DR,SACRAMENTO
780,2341 BIG STRIKE TRL,COOL
781,9452 RED SPRUCE WAY,ELK GROVE
782,5776 TERRACE DR,ROCKLIN
783,5908 MCLEAN DR,ELK GROVE
784,8215 PEREGRINE WAY,CITRUS HEIGHTS
785,1104 HILLSDALE LN,LINCOLN
786,2949 PANAMA AVE,CARMICHAEL
787,1356 HARTLEY WAY,FOLSOM
788,633 HANISCH DR,ROSEVILLE
789,63 ANGEL ISLAND CIR,SACRAMENTO
790,1571 WILD OAK LN,LINCOLN
791,5222 COPPER SUNSET WAY,RANCHO CORDOVA
792,5601 SPINDRIFT LN,ORANGEVALE
793,652 FIFTEEN MILE DR,ROSEVILLE
794,7921 DOE TRAIL WAY,ANTELOPE
795,4204 LUSK DR,SACRAMENTO
796,5321 DELTA DR,ROCKLIN
797,5608 ROSEDALE WAY,SACRAMENTO
798,3372 BERETANIA WAY,SACRAMENTO
799,2422 STEFANIE DR,ROCKLIN
800,3232 PARKHAM DR,ROSEVILLE
801,448 ELMWOOD CT,ROSEVILLE
802,1214 DAWNWOOD DR,GALT
803,1440 EMERALD LN,LINCOLN
804,3349 CORVINA DR,RANCHO CORDOVA
805,10254 JULIANA WAY,SACRAMENTO
806,149 OPUS CIR,SACRAMENTO
807,580 REGENCY PARK CIR,SACRAMENTO
808,5544 CAMAS CT,ORANGEVALE
809,5102 ARCHCREST WAY,SACRAMENTO
810,5725 BALFOR RD,ROCKLIN
811,7697 ROSEHALL DR,ROSEVILLE
812,4821 HUTSON WAY,ELK GROVE
813,4509 WINJE DR,ANTELOPE
814,1965 LAURELHURST LN,LINCOLN
815,6709 ROSE BRIDGE DR,ROSEVILLE
816,281 SPYGLASS HL,ROSEVILLE
817,7709 RIVER VILLAGE DR,SACRAMENTO
818,4165 BRISBANE CIR,EL DORADO HILLS
819,506 BEDFORD CT,ROSEVILLE
820,9048 PINTO CANYON WAY,ROSEVILLE
821,2274 IVY BRIDGE DR,ROSEVILLE
822,14004 WALNUT AVE,WALNUT GROVE
823,6905 FRANKFORT CT,ELK GROVE
824,3621 WINTUN DR,CARMICHAEL
825,201 KIRKLAND CT,LINCOLN
826,12075 APPLESBURY CT,RANCHO CORDOVA
827,1975 SIDESADDLE WAY,ROSEVILLE
828,5420 ALMOND FALLS WAY,RANCHO CORDOVA
829,9677 PILLITERI CT,ELK GROVE
830,1515 EL CAMINO VERDE DR,LINCOLN
831,556 PLATT CIR,EL DORADO HILLS
832,1792 DIAMOND WOODS CIR,ROSEVILLE
833,1124 PERKINS WAY,SACRAMENTO
834,4748 SALEM WAY,CARMICHAEL
835,1484 RADCLIFFE WAY,AUBURN
836,51 AIKEN WAY,SACRAMENTO
837,2818 KNOLLWOOD DR,CAMERON PARK
838,1536 STONEY CROSS LN,LINCOLN
839,509 CASTILLIAN CT,ROSEVILLE
840,700 HUNTER PL,FOLSOM
841,1240 FAY CIR,SACRAMENTO
842,1113 SANDWICK WAY,FOLSOM
843,3108 DELWOOD WAY,SACRAMENTO
844,3212 CORNICHE LN,ROSEVILLE
845,2159 BECKETT DR,EL DORADO HILLS
846,4320 FOUR SEASONS RD,PLACERVILLE
847,6401 MARSHALL RD,GARDEN VALLEY
848,2089 BECKETT DR,EL DORADO HILLS
849,6196 EDGEHILL DR,EL DORADO HILLS
850,200 HILLSFORD CT,ROSEVILLE
851,8217 PLUMERIA AVE,FAIR OAKS
852,4841 VILLAGE GREEN DR,EL DORADO HILLS
853,3863 LAS PASAS WAY,SACRAMENTO
854,820 DANA CT,AUBURN
855,1165 37TH ST,SACRAMENTO
856,203 CASCADE FALLS DR,FOLSOM
857,9880 IZILDA CT,SACRAMENTO
858,1800 AVONDALE DR,ROSEVILLE
859,4620 BROMWICH CT,ROCKLIN
860,620 KESWICK CT,GRANITE BAY
861,4478 GREENBRAE RD,ROCKLIN
862,8432 BRIGGS DR,ROSEVILLE
863,200 CRADLE MOUNTAIN CT,EL DORADO HILLS
864,2065 IMPRESSIONIST WAY,EL DORADO HILLS
865,2982 ABERDEEN LN,EL DORADO HILLS
866,9401 BARREL RACER CT,WILTON
867,3720 VISTA DE MADERA,LINCOLN
868,14151 INDIO DR,SLOUGHHOUSE
869,7401 TOULON LN,SACRAMENTO
870,9127 NEWHALL DR Unit 34,SACRAMENTO
871,5937 BAMFORD DR,SACRAMENTO
872,5672 HILLSDALE BLVD,SACRAMENTO
873,3920 39TH ST,SACRAMENTO
874,701 JESSIE AVE,SACRAMENTO
875,83 ARCADE BLVD,SACRAMENTO
876,601 REGGINALD WAY,SACRAMENTO
877,550 DEL VERDE CIR,SACRAMENTO
878,4113 DAYSTAR CT,SACRAMENTO
879,7374 TISDALE WAY,SACRAMENTO
880,3348 RIO LINDA BLVD,SACRAMENTO
881,3935 LIMESTONE WAY,SACRAMENTO
882,6208 GRATTAN WAY,NORTH HIGHLANDS
883,739 E WOODSIDE LN Unit E,SACRAMENTO
884,4225 46TH AVE,SACRAMENTO
885,1434 BELL AVE,SACRAMENTO
886,5628 GEORGIA DR,NORTH HIGHLANDS
887,7629 BETH ST,SACRAMENTO
888,2277 BABETTE WAY,SACRAMENTO
889,6561 WEATHERFORD WAY,SACRAMENTO
890,3035 ESTEPA DR Unit 5C,CAMERON PARK
891,5136 CABOT CIR,SACRAMENTO
892,7730 ROBINETTE RD,SACRAMENTO
893,87 LACAM CIR,SACRAMENTO
894,1691 NOGALES ST,SACRAMENTO
895,3118 42ND ST,SACRAMENTO
896,7517 50TH AVE,SACRAMENTO
897,4071 EVALITA WAY,SACRAMENTO
898,7928 36TH AVE,SACRAMENTO
899,6631 DEMARET DR,SACRAMENTO
900,7043 9TH AVE,RIO LINDA
901,97 KENNELFORD CIR,SACRAMENTO
902,2636 TRONERO WAY,RANCHO CORDOVA
903,1530 TOPANGA LN Unit 204,LINCOLN
904,3604 KODIAK WAY,ANTELOPE
905,2149 COTTAGE WAY,SACRAMENTO
906,8632 PRAIRIEWOODS DR,SACRAMENTO
907,612 STONE BLVD,WEST SACRAMENTO
908,4180 12TH AVE,SACRAMENTO
909,8025 ARROYO VISTA DR,SACRAMENTO
910,5754 WALERGA RD Unit 4,SACRAMENTO
911,8 LA ROCAS CT,SACRAMENTO
912,8636 LONGSPUR WAY,ANTELOPE
913,1941 EXPEDITION WAY,SACRAMENTO
914,4351 TURNBRIDGE DR,SACRAMENTO
915,6513 HOLIDAY WAY,NORTH HIGHLANDS
916,8321 MISTLETOE WAY,CITRUS HEIGHTS
917,5920 VALLEY GLEN WAY,SACRAMENTO
918,2601 SAN FERNANDO WAY,SACRAMENTO
919,501 POPLAR AVE,WEST SACRAMENTO
920,8008 SAINT HELENA CT,SACRAMENTO
921,6517 DONEGAL DR,CITRUS HEIGHTS
922,1001 RIO NORTE WAY,SACRAMENTO
923,604 P ST,LINCOLN
924,10001 WOODCREEK OAKS BLVD Unit 815,ROSEVILLE
925,7351 GIGI PL,SACRAMENTO
926,7740 DIXIE LOU ST,SACRAMENTO
927,7342 DAVE ST,SACRAMENTO
928,7687 HOWERTON DR,SACRAMENTO
929,26 KAMSON CT,SACRAMENTO
930,7045 PEEVEY CT,SACRAMENTO
931,8916 GABLES MILL PL,ELK GROVE
932,1140 EDMONTON DR,SACRAMENTO
933,8879 APPLE PEAR CT,ELK GROVE
934,9 WIND CT,SACRAMENTO
935,8570 SHERATON DR,FAIR OAKS
936,1550 TOPANGA LN Unit 207,LINCOLN
937,1080 RIO NORTE WAY,SACRAMENTO
938,5501 VALLETTA WAY,SACRAMENTO
939,5624 MEMORY LN,FAIR OAKS
940,6622 WILLOWLEAF DR,CITRUS HEIGHTS
941,27 MEGAN CT,SACRAMENTO
942,6601 WOODMORE OAKS DR,ORANGEVALE
943,1973 DANVERS WAY,SACRAMENTO
944,8001 ARROYO VISTA DR,SACRAMENTO
945,7409 VOYAGER WAY,CITRUS HEIGHTS
946,815 CROSSWIND DR,SACRAMENTO
947,5509 LAGUNA CREST WAY,ELK GROVE
948,8424 MERRY HILL WAY,ELK GROVE
949,1525 PENNSYLVANIA AVE,WEST SACRAMENTO
950,5954 BRIDGECROSS DR,SACRAMENTO
951,8789 SEQUOIA WOOD CT,ELK GROVE
952,6600 SILVERTHORNE CIR,SACRAMENTO
953,2221 2ND AVE,SACRAMENTO
954,3230 SMATHERS WAY,CARMICHAEL
955,5209 LAGUNA CREST WAY,ELK GROVE
956,416 LEITCH AVE,SACRAMENTO
957,2100 BEATTY WAY,ROSEVILLE
958,6920 GILLINGHAM WAY,NORTH HIGHLANDS
959,82 WILDFLOWER DR,GALT
960,8652 BANTON CIR,ELK GROVE
961,8428 MISTY PASS WAY,ANTELOPE
962,7958 ROSEVIEW WAY,SACRAMENTO
963,9020 LUKEN CT,ELK GROVE
964,7809 VALLECITOS WAY,SACRAMENTO
965,8445 OLD AUBURN RD,CITRUS HEIGHTS
966,10085 ATKINS DR,ELK GROVE
967,9185 CERROLINDA CIR,ELK GROVE
968,9197 CORTINA CIR,ROSEVILLE
969,5429 HESPER WAY,CARMICHAEL
970,1178 WARMWOOD CT,GALT
971,4900 ELUDE CT,SACRAMENTO
972,3557 SODA WAY,SACRAMENTO
973,3528 SAINT GEORGE DR,SACRAMENTO
974,7381 WASHBURN WAY,NORTH HIGHLANDS
975,2181 WINTERHAVEN CIR,CAMERON PARK
976,7540 HICKORY AVE,ORANGEVALE
977,5024 CHAMBERLIN CIR,ELK GROVE
978,2400 INVERNESS DR,LINCOLN
979,5 BISHOPGATE CT,SACRAMENTO
980,5601 REXLEIGH DR,SACRAMENTO
981,1909 YARNELL WAY,ELK GROVE
982,9169 GARLINGTON CT,SACRAMENTO
983,6932 RUSKUT WAY,SACRAMENTO
984,7933 DAFFODIL WAY,CITRUS HEIGHTS
985,8304 RED FOX WAY,ELK GROVE
986,3882 YELLOWSTONE LN,EL DORADO HILLS
