Name,weigth,Weapon Type,Damage Type,Poise Damage,Counter Strength,Durabilitiy

Malformed Skull,12,Greathammers     ,Strike,30,100,20
Giant Warrior Club,30,Greathammers,Strike,30,100,50
Giant Stone Axe,25,Greataxes,Slash,40,100,70
Old Knight Hammer,18,Greathammers,Strike,30,100,30
Dragon Tooth,20     ,Greathammers,Strike,30,100,70
Lost Sinner's Sword,12,Ultra Greatswords,Slash/ Thrust,50,130,50
Demon's Great Hammer       ,26,Greathammers,Strike,30,100,70
King's Ultra Greatsword,28,Ultra Greatswords,Slash,60,110,70
Gyrm Great Hammer,20,Greathammers,Strike,30,100,80
Malformed Shell,18,Greathammers,Strike,30,100,50
Great Club,15,Greathammers,Strike,30,100,70
Drakekeeper's Great Hammer,20,Greathammers,Strike,30,100,70
Drakekeeper's Warpick,20,Greathammers,Strike,30,100,70
Mastodon Halberd,16,Halberds,Slash/ Thrust,40,120,70
Black Dragon Greataxe,12,Greataxes,Slash,40,110,70
Greataxe,15,Greataxes,Slash,40,110,80
Greatsword,22,Ultra Greatswords,Slash,50,130,70
Curved Dragon Greatsword,18,Curved Greatswords,Slash/ Thrust,45,110,60
Sanctum Mace,      ,Greathammers,Strike,50,100,30
Pursuer's Ultra Greatsword,18,Ultra Greatswords,Slash,50,130,60
Gyrm Greataxe,24,Greataxes,Slash,40,110,80
Murakumo,12,Curved Greatswords,Slash/ Thrust,45,110,70
Gyrm Axe,18,Axes,Slash,30,110,80
Sacred Chime Hammer,22,Greathammers,Strike,30,100,70
Drakekeeper's Greataxe,16,Greataxes,Slash,40,110,70
Old Knight Pike,16,Halberds,Slash/ Thrust,35,120,20
Bluemoon Greatsword,15,Greatswords,Slash,35,110,30
Bandit Greataxe,10,Greataxes,Slash,40,110,60
Crypt Blacksword,24,Ultra Greatswords,Slash,60,130,70
Arced Sword,14,Curved Greatswords,Slash/ Thrust,45,110,70
Large Club,12,Greathammers,Strike,30,100,70
Old Knight Halberd,15,Halberds,Slash/ Thrust,35,120,20
Zweihander,12,Ultra Greatswords,Slash/ Thrust,50,130,60
Drakewing Ultra Greatsword,12,Ultra Greatswords,Slash,50,130,70
Blue Knight's Halberd,12,Halberds,Slash/ Thrust,35,120,60
Smelter Sword,22,Ultra Greatswords,Slash,50,130,70
Aged Smelter Sword,22,Ultra Greatswords,Slash/Thrust,50,130,70
Halberd,6,Halberds,Slash/ Thrust,35,120,70
Santier's Spear,16,Halberds,Slash/ Thrust,35,120,500
Old Knight Ultra Greatsword,20,Ultra Greatswords,Slash,50,130,30
Old Whip,2.5,Whips,Slash,15,100,40
Black Knight Greataxe,20,Greataxes,Slash,40,110,60

Red Iron Twinblade,14,Twinblades,Slash/ Thrust,15,120,175
Heide Greatlance,10,Lances,Thrust,30,160,50
Grand Lance,12,Lances,Thrust,35,160,70
Black Dragon Greatsword,9,Greatswords,Slash/ Thrust,35,100,70
Black Dragon Warpick,6,Hammers,Strike,25,120,70

Wrathful Axe,15,Halberds,Slash/ Thrust,35,120,60
Syan's Halberd,12,Halberds,Slash/ Thrust,35,120,60
Scythe,5,Halberds,Slash/ Thrust,35,120,60
Drakekeeper's Ultra Greatsword,   20,Ultra Greatswords,Slash,50,130,100
Lucerne,5,Halberds,Slash/ Thrust,35,120,60
Black Knight Halberd,14,Halberds,Slash/ Thrust,35,120,70
Roaring Halberd,16,Halberds,Slash/ Thrust,35,120,40
Chariot Lance,16,Lances,Thrust,35,160,70
Black Scorpion Stinger,2,Piercing Swords,Thrust,10,100,30
Mastodon Greatsword,16,Greatswords,Slash/ Thrust,40,100,70
Pickaxe,8,Hammers,Strike,50,100,60
Yorgh's Spear,19,Spears,Thrust/Slash,20,130,60
Black Dragon Sword,4,Straight Swords,Slash/ Thrust,20,110,60
Lion Greataxe,12,Greataxes,Slash,40,110,60
Blacksmith's Hammer,6,Hammers,Strike,30,100,60
Dragonslayer Greatbow,10,Greatbows,Projectile /Strike,15,100,70
Claymore,8,Greatswords,Slash/ Thrust,35,110,60
Heavy Crossbow,4,Crossbows,Projectile /Strike,5,100,70
Bandit Axe,5,Axes,Slash,30,120,  50
Homunculus Mace,6,Hammers,Strike,25,120,60
Butcher's Knife,16,Axes,Slash,35,100,40
Iron King Hammer,24,Greathammers,Strike,30,100,60
Black Knight Ultra Greatsword,18,Ultra Greatswords,Slash,50,130,70
Helix Halberd,9,Halberds,Slash,35,120,70
Ruler's Sword,8,Greatswords,Slash/ Thrust,35,110,60
Shield Crossbow,8,Crossbows,Projectile /Strike,5,100,60
Bastard Sword,6,Greatswords,Slash/ Thrust,35,120,60
Black Knight Greatsword,12,Greatswords,Slash/ Thrust,35,110,70
Old Knight Greatsword,13,Greatswords,Slash/ Thrust,40,100,30
Bone Scythe,10,Reapers,Slash,15,110,50
Pate's Spear,6,Spears,Thrust,20,130,50
Full Moon Sickle,8,Reapers,Slash,15,110,60
Flamberge,7,Greatswords,Slash/ Thrust,35,110,60
Barbed Club,5,Hammers,Strike,25,120,60
Heide Lance,8,Lances,Thrust,30,160,60
Royal Greatsword,6,Greatswords,Slash/ Thrust,35,110,70
Red Rust Scimitar,6,Curved Swords,Slash,15,100,60
Drangleic Sword,9,Greatswords,Slash/ Thrust,35,120,70
Chaos Blade,6,Katanas,Slash,20,150,50
Scythe of Want,12,Reapers,Slash,15,110,60
Alonne Greatbow,8,Greatbows,Projectile /Strike,15,100,70
Darkdrift,3,Katanas,Slash/ Thrust,15,130,20
Gargoyle Bident,12,Spears,Thrust,20,130,
Great Scythe,5,Reapers,Slash,15,110,60
Reinforced Club,4,Hammers,Strike,30,120,40
Battle Axe,4,Axes,Slash,30,120,60
Bloodied Whip,3,Whips,Slash,20,100,60
Light Crossbow,3,Crossbows,Projectile /Strike,5,100,60
Archdrake Mace,6,Greathammers,Strike,30,100,60
Great Machete,6,Reapers,Slash,15,110,30
Melu Scimitar,4,Curved Swords,Slash,10,100,50
Craftsman's Hammer,3,Hammers,Strike,25,130,80
Varangian Sword,5,Straight Swords,Slash/ Thrust,20,110,45
Warped Sword,3.5,Curved Swords,Slash,15,130,50
Mirrah Greatsword,7,Greatswords,Slash/ Thrust,35,120,60
Dragonrider's Halberd,12,Halberds,Slash/ Thrust,35,120,70
Old Mirrah Greatsword,7,Greatswords,Slash/ Thrust,35,120,60
Drakekeeper's Sword,6,Straight Swords,Slash/ Thrust,25,100,70
Manikin Sabre,2.5,Curved Swords,Slash,25,110,45
Falcion,2.5,Curved Swords,Slash,20,110,45
Broadsword,3     ,Straight Swords,Slash/ Thrust,20,110,60
Aldia Hammer,3.5,Hammers,Strike,20,120,60
Berserker Blade,6,Katanas,Slash,20,150,40


Mace,4,Hammers,Strike,30,120,60
Hand Axe,2,Axes,Slash,25,110,50
Washing Pole,10,Katanas,Slash/ Thrust,20,130,20
Channeler's Trident,4,Spears,Thrust,20,130,40
Winged Spear,4.5,Spears,Thrust,20,130,50
Foot Soldier Sword,2,Straight Swords,Slash/ Thrust,25,110,20
Manslayer,6,Katanas,Slash/ Thrust,20,150,40
Partizan,4.5,Spears,Thrust,20,130,60
Uchigatana,5,Katanas,Slash,20,150,40
Espada Ropera,2,Piercing Swords,Thrust,10,140,45
Longsword,3,Straight Swords,Slash/ Thrust,20,110,60
Morning Star,4,Hammers,Strike,30,120,60
Key to the Embedded,4,Greatswords,Slash/ Thrust,35,150,60
Scimitar,1.5,Curved Swords,Slash,20,120,40
Shotel,2.5,Curved Swords,Slash,15,110,45
Rapier,1.5,Piercing Swords,Thrust,10,140,45
Yellow Quartz Longsword,2,Straight Swords,Slash/ Thrust,20,120,30
Sacntum Crossbow,3,Crossbows,Projectile /Strike,10,100,45
Estoc,3,Piercing Swords,Thrust,20,120,45
Spider Fang,2,Curved Swords,Slash,25,110,40
Spear,3.5,Spears,Thrust,20,130,50
Drakeblood Greatsword,6,Greatswords,Slash/ Thrust,35,110,60
Thorned Greatsword,8,Greatswords,Slash/ Thrust,35,110,70
Heide Spear,8,Spears,Thrust,20,130,60
Crescent Axe,12,Greataxes,Slash,30,110,60
Whip,1.5,Whips,Slash,15,100,50
Club,4,Hammers,Strike,25,120,50
Red Rust Sword,8,Straight Swords,Slash/ Thrust,25,100,80
Notched Whip,2,Whips,Slash,15,100,50
Defender Greatsword,12,Greatswords,Slash/ Thrust,35,110,50
Shortsword,2,Straight Swords,Slash/ Thrust,20,120,60
Infantry Axe,3.5,Axes,Slash,25,110,50
Dragonslayer's Crescent Axe,7,Axes,Slash,30,110,60
Spider's Silk,0.5,Piercing Swords,Thrust,10,100,30
Spotted Whip,2,Whips,Slash,15,100,60
Monastery Scimitar,1.5,Curved Swords,Slash,15,110,40
Pike,8,Spears,Thrust,20,130,50
Stone Soldier Spear,7,Spears,Thrust,20,130,50
Blacksteel Katana,8,Katanas,Slash/ Thrust,20,130,40
Dragonrider Twinblade,18,Twinblades,Slash/ Thrust,10,120,120
Watcher Greatsword,7,Greatswords,Slash/ Thrust,35,110,50
Dragonrider bow,3,Bows,Projectile /Strike,5,100,40
Bewitched Alonne Sword,9,Katanas,Slash/ Thrust,20,150,20
Charred Loyce Greatsword,9,Greatswords,Slash/ Thrust,35,110,40
Dragonslayer Spear,    10,Spears,Thrust,20,130,
Ashen Warrior Sword,3,Straight Swords,Slash/ Thrust,25,110,30
Stone Twinblade,10,Twinblades,Slash/ Thrust,10,120,120
Bound Hand Axe,3.5,Axes,Slash,25,110,60
Crescent Sickle,8,Reapers,Slash,15,110,50
Sun Sword,   3   ,Straight Swords,Slash/ Thrust,20,110,60
Curved Twinblade,10,Twinblades,Slash/ Thrust,10,110,125
Avelyn,6,Crossbows,Projectile /Strike,5,100,40
Composite Bow,2,Bows,Projectile /Strike,5,100,60
Spitfire Spear,10,Spears,Thrust,20,130,
Silverblack Sickle,4,Reapers,Slash,20,110,60
Ricard's Rapier,2,Piercing Swords,Thrust,10,140,45
Broken Straight Sword,2,Straight Swords,Slash/ Thrust,15,100,40
Claw,1,Claws,Slash,10,120,30
Hunter's Blackbow,2,Bows,Projectile /Strike,5,100,70
Silverblack Spear,6,Spears,Thrust,20,130,50
Heide Knight Sword,4,Straight Swords,Slash/ Thrust,20,110,70
Twinblade,8,Twinblades,Slash/ Thrust,10,120,150
Royal Dirk,2,Daggers,Slash/ Thrust,15,130,60
Manikin Claws,1.5,Claws,Strike,10,120,50
Long Bow,2,Bows,Projectile /Strike,5,100,60
Puzzling Stone Sword,2,Straight Swords,Slash/ Thrust,25,120,60
Thief Dagger,0.5,Daggers,Slash/ Thrust,15,110,30
Sea Bow,2,Bows,Projectile /Strike,5,100,60

Black Flamestone Dagger,4,Daggers,Slash/ Thrust,15,130,60
Scythe of Nahr Alma,5,Reapers,Slash,15,110,50
Short Bow,1,Bows,Projectile /Strike,5,100,60
Malformed Claws,1.5,Claws,Strike,10,120,50
Bandit's Knife,1,Daggers,Slash/ Thrust,15,120,60
Bell Keeper Bow,1,Bows,Projectile /Strike,5,100,70
Shadow Dagger,1.5,Daggers,Slash/ Thrust,20,130,60
Broken Thief Sword,1,Daggers,Slash/ Thrust,5,100,60
Dagger,0.5,Daggers,Slash/ Thrust,15,150,60
Mace of the Insolent,4,Hammers,Strike,25,120,60

Blue Flame,3,Straight Swords,Slash/Spell,20,110,60
Chaos Rapier,1.5,Piercing Swords,Thrust,10,140,45
Manikin Knife,1,Daggers,Slash/ Thrust,15,150,80
Blue Dagger,0.5,Daggers,Slash/ Thrust,10,120,60
Bow of Want,2,Bows,Projectile /Strike,5,100,70
Sanctum Repeating Crossbow,10,   Crossbows    ,Projectile /Strike,10,100,35
Mytha's Bent Blade,0.5,Daggers,Slash/ Thrust,15,150,40
Caestus,0.5,Fists,Strike,15,130,60
Parrying Dagger,0.5,Daggers,Slash/ Thrust,15,120,60
Mail Breaker,0.5,Piercing Swords,Thrust,15,140,45
Work Hook,1,Claws,Slash,10,120,40
Handmaid's Ladle,0.2,Hammers,Strike,10,100,10
Bone Fist,1,Fists,Strike,30,150,80
