Name,Physical Attack,Magic dmg,Fire dmg,Lightning dmg,Dark dmg,Bleed,Poison bld
Malformed Skull,520,,,,,,
Giant Warrior Club,520,,,,,,
Giant Stone Axe,520,,,,,,
Old Knight Hammer,500,,,,,,
Dragon Tooth,470,,,,,,
Lost Sinner's Sword    ,460,,,,,,
Demon's Great Hammer,450,,,,,,

King's Ultra Greatsword,450,,,,,,
Gyrm Great Hammer,430,,,,,,
Malformed Shell,430,,,,,     ,
Great Club,420,,,,,,
Drakekeeper's Great Hammer,420,,,,  ,,

Drakekeeper's Warpick,420,,  ,,,,
Mastodon Halberd,410,,,,,,
Black Dragon Greataxe,410,,  ,,,,
Greataxe,400,,,,,,
Greatsword,400,,,,,,
Curved Dragon Greatsword,400,,,, ,,
Sanctum Mace,400,,,,,,80
Pursuer's Ultra Greatsword,390,,,,,,
Gyrm Greataxe,390,,,,,,
Murakumo,380,,,,,,
Gyrm Axe,380,,,,,,
Sacred Chime Hammer,380,,,,150,,
Drakekeeper's Greataxe,380,,,,,,
Old Knight Pike,380,,,,,,


Bluemoon Greatsword,375,,,,,,
Bandit Greataxe,370,,,,,,
Crypt Blacksword,370,,,,120,,
Arced Sword,360,,,,,,
Large Club,360,,,,,,
Old Knight Halberd,360,,,,,,
Zweihander,360,,,,,,
Drakewing Ultra Greatsword,355,,,,,,
Blue Knight's Halberd,350,,,,,,
Smelter Sword,350,,170,,,,
Aged Smelter Sword,350,170,,,,,
Halberd,350,,,,,,
Santier's Spear,350,,,,,,
Old Knight Ultra Greatsword,350,,,,,,
Old Whip,349,,,,,,
Black Knight Greataxe,340,,120,,,,
Red Iron Twinblade,340,,,,,,


Heide Greatlance,340,,,115,,,
Grand Lance,340,,,,,,
Black Dragon Greatsword,340,,,,,,
Black Dragon Warpick,330,,,,,,
Wrathful Axe,330,,,,,,
Syan's Halberd,330,,   ,,,,
Scythe,330,,,,,,
Drakekeeper's Ultra Greatsword,330,,,,,,
Lucerne,325,,,,,,
Black Knight Halberd,320,,130,,,,
Roaring Halberd,310,,,,210,,
Chariot Lance,310,,,,,100,
Black Scorpion Stinger,300,,,,,,100
Mastodon Greatsword,300,,,,,,
Pickaxe,300,,,,,,
Yorgh's Spear,300,,,,,,
Black Dragon Sword,300,,,,,,
Lion Greataxe    ,290,,,,,,
Blacksmith's Hammer,290,,,,,,


Dragonslayer Greatbow,290,,,,,,
Claymore,290,,,,,,
Heavy Crossbow,290,,,,,,
Bandit Axe,290,,,,,,
Homunculus Mace,290,,,,,,
Butcher's Knife,280,,,   ,,,
Iron King Hammer,280,,180,,,,
Black Knight Ultra Greatsword,280,,110,,,,
Helix Halberd,280,,,,,,
Ruler's Sword,280,,,,,,
Shield Crossbow,280,,,,,,
Bastard Sword,280,,,,,,
Black Knight Greatsword,280,,80,,,,
Old Knight Greatsword,280,,,,,,
Bone Scythe,280,,,,,,
Pate's Spear,270,,,,,,
Full Moon Sickle,270,,,,,160,
Flamberge,270,,,,,100,
Barbed Club,270,,,,,,
Heide Lance,270,,,100,,,
Royal Greatsword,270,,,,,100,
Red Rust Scimitar,270,,,,,,
Drangleic Sword,270,,,,,,
Chaos Blade,265,,,,,,
Scythe of Want,260,,,,200,,
Alonne Greatbow,260,,,,,,
Darkdrift,260,,,,,,
Gargoyle Bident,260,,,,,,
Great Scythe,260,,,,,,
Reinforced Club,260,,,,,,
Battle Axe,250,,,,,,
Bloodied Whip,250,,,,,,
Light Crossbow,250,,,,,,
Archdrake Mace,250,,,,,,
Great Machete,250,,,,,,
Melu Scimitar,250,,,,,,
Craftsman's Hammer,250,,,,,,
Varangian Sword,250,,,,,,
Warped Sword,250,,,,,,
Mirrah Greatsword,250,,,,,,
Dragonrider's Halberd,250,100,,,,,
Old Mirrah Greatsword,250,,,,,,
Drakekeeper's Sword,245,,,,,,
Manikin Sabre,245,,,,,,
Falcion,240,,,,,79,
Broadsword,240,,,,,,

Aldia Hammer,240  ,,,,,   ,
Berserker Blade,240,,,,,,
Mace,240,,,,,,
Hand Axe,240,,,,,,
Washing Pole,240,,,,,,
Channeler's Trident,240,,,,,,
Winged Spear,240,,,,,,
Foot Soldier Sword,230,,,,,,
Manslayer,230,,,,,,100
Partizan,230,,,,,,
Uchigatana,230,,,,,,
Espada Ropera,230,,,,,,
Longsword,225,,,,,,
Morning Star,220,,,,,,
Key to the Embedded,220,,,,,,
Scimitar,220,,,,,,
Shotel,220,,,,,,
Rapier,220,,,,,,
Yellow Quartz Longsword,220,,,,,,
Sacntum Crossbow,220,,,,,,
Estoc,210,,,,,,
Spider Fang,210,,,,,,
Spear,210,,,,,,
Drakeblood Greatsword,210,50,,50,,,
Thorned Greatsword,210,,,80,,,
Heide Spear,210,,,100,,,
Crescent Axe,210,80,,,,,
Whip,210,,,,,,
Club,210,,,,,,
Red Rust Sword,205,,,,,,
Notched Whip,205,,,,,200,
Defender Greatsword,200,,,80,,,
Shortsword,200,,,,,,
Infantry Axe,200,,,,,,
Dragonslayer's Crescent Axe,200,,,60,,,
Spider's Silk,195,,,,,,
Spotted Whip,195,,,,,,200
Monastery Scimitar,190,,,,,,
Pike,190,,,,,,
Stone Soldier Spear,190,,,,,,
Blacksteel Katana,190,,,,,,
Dragonrider Twinblade,185,110,,,,,
Watcher Greatsword,185,80,,,,,
Dragonrider bow,180,100,,,,,
Bewitched Alonne Sword,180,,,,,,
Charred Loyce Greatsword,180,,90,,,,
Dragonslayer Spear,180,,,105,,,
Ashen Warrior Sword,180,,,,,100,
Stone Twinblade,180,,,,,,
Bound Hand Axe,180,,,,,100,
Crescent Sickle,180,120,,,,,
Sun Sword,175,,,,,,
Curved Twinblade,170,,,,,80,
Avelyn,170,,,,,,
Composite Bow,165,,,,,,
Spitfire Spear,160,,120,,,,
Silverblack Sickle,160,,,,105,,
Ricard's Rapier,160,,,,,,
Broken Straight Sword,160,,,,,,
Claw,155,,,,,120,
Hunter's Blackbow,155,,,,,,
Silverblack Spear,150,,,,110,,
Heide Knight Sword,150,,,90,,,
Twinblade,150,,,,,,
Royal Dirk,150,,,,,,
Manikin Claws,150,,,,,,
Long Bow,150,,,,,,
Puzzling Stone Sword,145,,,,,,
Thief Dagger,145,,,,,,
Sea Bow,144,,,,,,
Black Flamestone Dagger,140,,,,,,
Scythe of Nahr Alma,140,,,,100,,
Short Bow,130,,,,,,
Malformed Claws,130,,,,,,
Bandit's Knife,130,,,,,100,
Bell Keeper Bow,130,,,,,,
Shadow Dagger,120,,,,,,
Broken Thief Sword,120,,,,,,
Dagger,115,,,,,,
Mace of the Insolent,110,,,90,160,,
Blue Flame,110,160,,,,,
Chaos Rapier,110,,110,,,,
Manikin Knife,105,,,,,80,
Blue Dagger,100,,,,,,
Bow of Want,100,,,130,,,
Sanctum Repeating Crossbow,100,,,,,,
Mytha's Bent Blade,100,,,,,,100
Caestus,90,,,,,,
Parrying Dagger,80,,,,,,
Mail Breaker,70,,,,,,
Work Hook,40,,,,,100,
Handmaid's Ladle,40,,,,,,
Bone Fist,20,,,,,,
