Film,Release date,Revenue (United States),Revenue (Outside United States),Revenue (Worldwide),Budget
Slacker,July 5 1991 (1991-07-05),$1228208,N/A,$1228208,$23000
Dazed and Confused,September 24 1993 (1993-09-24),$7993039,N/A,$7993039,$6.9 million
Before Sunrise,January 27 1995 (1995-01-27),$5535405,N/A,$5535405,$2.5 million
SubUrbia,February 7 1997 (1997-02-07),$656747,N/A,$656747,N/A
The Newton Boys,March 27 1998 (1998-03-27),$10452012,N/A,$10452012,$27 million
Waking Life,October 19 2001 (2001-10-19),$2901447,$275433,$3176880,N/A
Tape,November 2 2001 (2001-11-02),$490475,$25425,$515900,$100000
School of Rock,October 3 2003 (2003-10-03),$81261177,$50021772,$131282949,$35 million
Before Sunset,July 2 2004 (2004-07-02),$5820649,$10171966,$15992615,$2.7 million
Bad News Bears,July 22 2005 (2005-07-22),$32868349,$1384498,$34252847,$35 million
A Scanner Darkly,July 7 2006 (2006-07-07),$5501616,$2158302,$7659918,$8.7 million
Fast Food Nation,November 17 2006 (2006-11-17),$1005539,$1203783,$2209322,N/A
Me and Orson Welles,November 25 2009 (2009-11-25),$1190003,$1146169,$2336172,$25 million
Bernie,April 27 2012 (2012-04-27),$9206470,$884171,$10090641,$6 million
Before Midnight,May 24 2013 (2013-05-24),$8114627,$3061842,$23376973,$3 million
Boyhood,July 11 2014 (2014-07-11),$25071500,$19143000,$44214500,$4 million
