Year,Film,Director,Writer,Producer,Actor
1988,It's Impossible to Learn to Plow by Reading Books,Yes,Yes,Yes,Yes
1991,Slacker,Yes,Yes,Yes,Yes
1993,Dazed and Confused,Yes,Yes,Yes,
1995,Before Sunrise,Yes,Yes,,
1995,The Underneath,,,,Yes
1996,Beavis and Butt-Head Do America,,,,Yes
1997,SubUrbia,Yes,,,
1998,The Newton Boys,Yes,Yes,,
1998,Scotch and Milk,,,,Yes
2001,Spy Kids,,,,Yes
2001,Chelsea Walls,,,,Yes
2001,Waking Life,Yes,Yes,,Yes
2001,Tape,Yes,,,
2003,School of Rock,Yes,,,
2004,Before Sunset,Yes,Yes,Yes,
2005,Bad News Bears,Yes,,Yes,
2006,Fast Food Nation,Yes,Yes,,
2006,The Hottest State,,,,Yes
2006,A Scanner Darkly,Yes,Yes,,
2008,Me and Orson Welles,Yes,,Yes,
2008,RSO (Registered Sex Offender),,,,Yes
2011,Bernie,Yes,Yes,Yes,Yes
2013,Before Midnight,Yes,Yes,Yes,
2014,Boyhood,Yes,Yes,Yes,
2016,Everybody Wants Some!!,Yes,Yes,Yes,
