Country,Average Disposable Income
Switzerland,$6301.73
Luxembourg,$4479.80
Zambia,$4330.98
Jersey,$4323.25
Bermuda,$4250.00
Norway,$4215.43
Monaco,$4142.78
Qatar,$4038.08
Gibraltar,$3990.69
Australia,$3780.69
Cayman Islands,$3313.01
Denmark,$3269.62
United States,$3258.85
British Virgin Islands,$3200.00
Sweden,$3181.11
United Arab Emirates,$3081.34
The Bahamas,$3025.00
Ireland,$2991.21
United Kingdom,$2960.54
Netherlands,$2937.58
Finland,$2924.10
Germany,$2851.85
Aruba,$2833.33
Japan,$2782.43
Canada,$2773.50
France,$2761.99
Singapore,$2759.38
Guam,$2750.00
Greenland,$2744.84
Andorra,$2731.12
New Zealand,$2693.05
Angola,$2650.03
Belgium,$2564.89
Hong Kong,$2495.86
Guernsey,$2495.43
Faroe Islands,$2470.36
Austria,$2457.33
New Caledonia,$2425.32
Kuwait,$2236.71
Brunei,$2228.21
Iceland,$2176.15
South Korea,$2174.36
Italy,$2117.76
Oman,$2087.14
Reunion,$1911.78
Israel,$1874.63
Saudi Arabia,$1786.07
Gabon,$1704.12
Puerto Rico,$1703.52
Spain,$1635.15
Barbados,$1625.00
Cyprus,$1618.85
Malta,$1562.20
French Polynesia,$1502.12
Belize,$1441.00
South Africa,$1400.01
Mauritius,$1337.74
Taiwan,$1307.43
Slovenia,$1275.66
Grenada,$1250.00
Bahrain,$1226.79
Curacao,$1101.83
Malawi,$1098.99
Equatorial Guinea,$1087.50
Portugal,$1081.73
Jamaica,$1080.44
Czech Republic,$1020.48
Argentina,$1018.58
Lesotho,$1017.82
Malaysia,$979.60
Greece,$953.44
Chile,$949.50
Slovakia,$947.95
Lebanon,$937.16
Estonia,$914.97
Poland,$905.62
Croatia,$869.71
Uruguay,$862.60
Isle of Man,$831.39
Suriname,$808.02
Swaziland,$786.93
Costa Rica,$779.04
Panama,$770.21
Brazil,$757.92
Mozambique,$757.22
Turkey,$756.06
Nigeria,$731.68
China,$731.14
Mexico,$729.94
Trinidad and Tobago,$719.49
Latvia,$713.11
Haiti,$712.50
Fiji,$710.22
Lithuania,$701.28
Russia,$686.16
Hungary,$667.58
Sudan,$650.00
Libya,$644.09
Jordan,$636.99
Namibia,$633.02
