Country,Murder Rate
Brazil,40974
India,40752
Mexico,25757
Ethiopia,20239
Indonesia,18963
Nigeria,18422
South Africa,15940
Colombia,15459
Russia,14574
Pakistan,13860
Democratic Republic of the Congo,13558
China,13410
Venezuela,13080
United States,12996
Uganda,11373
Cote d'Ivoire,10801
Tanzania,10357
Sudan,10028
Kenya,7733
Honduras,7104
Guatemala,5681
Malawi,5039
Philippines,4947
Burma,4800
Zambia,4710
El Salvador,4308
Bangladesh,3988
Cameroon,3700
North Korea,3658
Ghana,3646
Angola,3426
Thailand,3307
Peru,2969
Burkina Faso,2786
Ecuador,2638
Dominican Republic,2513
Ukraine,2356
Turkey,2320
Iran,2215
Guinea,2152
Mozambique,1925
Zimbabwe,1775
Burundi,1726
Rwanda,1708
Chad,1686
Madagascar,1588
Jamaica,1430
Kazakhstan,1418
Argentina,1360
Vietnam,1346
Benin,1262
South Korea,1251
Central African Republic,1240
Mali,1157
Kyrgyzstan,1072
Senegal,1027
Egypt,992
Yemen,990
Puerto Rico,983
Bolivia,884
Eritrea,879
Papua New Guinea,854
Sierra Leone,837
Uzbekistan,831
Nepal,818
Nicaragua,785
Lesotho,764
Panama,759
Sri Lanka,745
Paraguay,741
United Kingdom,722
Afghanistan,712
Germany,690
Haiti,689
France,682
Togo,627
Iraq,608
Malaysia,604
Cuba,563
Canada,554
Niger,552
Chile,541
Italy,529
Costa Rica,527
Algeria,516
Japan,506
Mauritania,485
Belarus,473
Trinidad and Tobago,472
Syria,463
Cambodia,448
Morocco,447
Poland,436
Romania,421
Spain,390
Liberia,371
Namibia,352
Guinea-Bissau,294
Botswana,287
Laos,279
