Country,Population
China,1.35 billion
India,1.22 billion
European Union,509.04 million
South Asia?average,321.91 million
United States,316.67 million
Indonesia,251.16 million
Brazil,201.01 million
Pakistan,193.24 million
Nigeria,174.51 million
Emerging markets?average,163.96 million
Bangladesh,163.65 million
Russia,142.5 million
Non-religious countries?average,141.07 million
South and Central Asia?average,132.85 million
Japan,127.25 million
Mexico,116.22 million
Group of 7 countries (G7)?average,107.21 million
Philippines,105.72 million
Ethiopia,93.88 million
Vietnam,92.48 million
Religious countries?average,91.94 million
Egypt,85.29 million
Germany,81.15 million
Turkey,80.69 million
Iran,79.85 million
Democratic Republic of the Congo,75.51 million
East Asia and Pacific?average,72.36 million
Thailand,67.45 million
France,65.95 million
United Kingdom,63.18 million
Italy,61.48 million
Burma,55.17 million
Cold countries?average,53.84 million
England,53.01 million
Former British colonies?average,51.84 million
South Korea,48.96 million
South Africa,48.6 million
Tanzania,48.26 million
Spain,47.37 million
Densely populated countries?average,46.45 million
Colombia,45.75 million
Ukraine,44.57 million
Kenya,44.04 million
Argentina,42.61 million
failed states?average,41.41 million
Poland,38.38 million
Algeria,38.09 million
OPEC countries?average,37.68 million
Sudan,34.85 million
Uganda,34.76 million
Canada,34.57 million
Hot countries?average,34.14 million
High income OECD countries?average,33.9 million
Morocco,32.65 million
Muslim countries?average,32.61 million
Iraq,31.86 million
Afghanistan,31.11 million
Nepal,30.43 million
Peru,29.85 million
Malaysia,29.63 million
Uzbekistan,28.66 million
Venezuela,28.46 million
Saudi Arabia,26.94 million
Heavily indebted countries?average,26.09 million
Yemen,25.41 million
Ghana,25.2 million
North Korea,24.72 million
Mozambique,24.1 million
Taiwan,23.3 million
Former Spanish colonies?average,23.2 million
Catholic countries?average,22.77 million
Madagascar,22.6 million
Syria,22.46 million
Cote d'Ivoire,22.4 million
NATO countries?average,22.36 million
Australia,22.26 million
Middle Eastern and North Africa?average,21.8 million
Romania,21.79 million
Sri Lanka,21.68 million
Cameroon,20.55 million
Former Soviet republics?average,19.29 million
Sub-Saharan Africa?average,19.19 million
Christian countries?average,18.85 million
Eurozone?average,18.67 million
Angola,18.57 million
European Union?average,18.19 million
Burkina Faso,17.81 million
Kazakhstan,17.74 million
Former French colonies?average,17.46 million
Western Europe?average,17.31 million
Chile,17.22 million
Niger,16.9 million
Netherlands,16.81 million
Europe?average,16.79 million
Malawi,16.78 million
Eastern Europe?average,16.66 million
Latin America and Caribbean?average,16.62 million
Mali,15.97 million
Ecuador,15.44 million
Cambodia,15.21 million
Southern Europe?average,14.67 million
Guatemala,14.37 million
Zambia,14.22 million
Senegal,13.3 million
Zimbabwe,13.18 million
Potential Future EU Members?average,12.47 million
Sparsely populated countries?average,12.44 million
Rwanda,12.01 million
Landlocked countries?average,11.61 million
Chad,11.19 million
Guinea,11.18 million
South Sudan,11.09 million
Cuba,11.06 million
Burundi,10.89 million
Tunisia,10.84 million
Portugal,10.8 million
Greece,10.77 million
Bolivia,10.46 million
Belgium,10.44 million
Somalia,10.25 million
Dominican Republic,10.22 million
Czech Republic,10.16 million
Hungary,9.94 million
Haiti,9.89 million
Benin,9.88 million
Belarus,9.63 million
Azerbaijan,9.59 million
Sweden,9.12 million
Honduras,8.45 million
Austria,8.22 million
Switzerland,8 million
Tajikistan,7.91 million
Israel,7.71 million
Serbia,7.24 million
